threshold,n_approved,approval_rate,total_profit,total_loan,avg_PD,profit_ratio
0.05,5622,7.112494306968271,7782147.1106061535,73400275.0,0.04118259141769337,0.10602340537015909
0.060000000000000005,9226,11.67198016294722,13535327.935397401,121169200.0,0.046619099921059545,0.11170601056536976
0.07,13055,16.51611760538434,19976020.99461641,171079250.0,0.05199056294327167,0.1167647215814683
0.08000000000000002,17020,21.53231111785841,26741833.26523421,221395475.0,0.05734118019764758,0.12078762343825776
0.09000000000000001,20755,26.257527453064117,33411681.109717257,269557600.0,0.06230196296206571,0.12395006154423863
0.1,24334,30.785385354992158,39841511.00715491,315631125.0,0.0671088177197044,0.12622808034903057
0.11000000000000001,27587,34.90081473609635,45638853.91015491,357401100.0,0.07157280902369641,0.12769645619488834
0.12000000000000001,30663,38.792318202520114,51203234.79431391,397272200.0,0.07592125473152153,0.1288870321011989
0.13,33632,42.54845402560599,56589347.80031185,435528575.0,0.08025506745300832,0.1299325717039619
0.14,36234,45.84029148322453,61147044.3796125,468946700.0,0.08417885535734108,0.13039231191863063
0.15000000000000002,38683,48.93856586205151,65679950.01988009,501208475.0,0.0880249835167312,0.13104317523737022
0.16000000000000003,40957,51.81544456252214,69691669.8211717,530528975.0,0.09173864413632997,0.13136260808596117
0.17000000000000004,43006,54.407671676534584,73261504.70344323,557039050.0,0.09522418860852738,0.13151951322522762
0.18000000000000005,44985,56.91134051920449,76702604.3435155,583314600.0,0.09873006904582708,0.13149440172338478
0.19,46837,59.254339355295784,79891337.79668197,607755950.0,0.10214241691195074,0.13145299161066537
0.2,48556,61.429077475836245,82941356.15397823,630812125.0,0.10542959538040295,0.1314834526270056
0.21000000000000002,50150,63.44567582612216,85705258.6189402,652819800.0,0.1085935676023752,0.13128471075623044
0.22000000000000003,51698,65.4040787409544,88358944.21912022,674285525.0,0.11177646906163169,0.13104084389045756
0.23000000000000004,53212,67.31946763827742,90801061.31637734,694755675.0,0.11499804781065655,0.13069495447644575
0.24000000000000005,54646,69.13364708263752,93033243.0547775,714892275.0,0.11814554526470684,0.1301360307114488
0.25000000000000006,56010,70.85926825565508,95117122.86881146,733988750.0,0.12123250759390534,0.12958934706943595
0.26000000000000006,57244,72.42042406760791,96927047.7799263,751368600.0,0.12411859940692446,0.1290006632961855
0.27,58439,73.93224027124134,98546652.96188241,768161450.0,0.12699772232970877,0.12828898529323804
0.28,59652,75.4668286017914,100323417.21691778,785907875.0,0.13000634378874007,0.12765289725200651
0.29000000000000004,60747,76.85213298922119,101852446.71889597,802006850.0,0.1327988497410991,0.1269969785406396
0.30000000000000004,61848,78.24502808562319,103282360.47294568,818537150.0,0.13568469348476667,0.12617919720924783
0.31000000000000005,62878,79.54809979252062,104630286.14331077,834448850.0,0.1384577651291645,0.1253884958236934
0.32000000000000006,63865,80.79677141845049,105820407.14895143,849936950.0,0.1411857565681993,0.12450383190065031
0.33,64900,82.1061687161581,107076987.59947252,866447900.0,0.14411513275992086,0.1235815651460088
0.34,65790,83.23212388037042,108024623.89610773,880287400.0,0.14669789319277687,0.1227151767662558
0.35000000000000003,66674,84.35048833561054,108865736.27937067,894764375.0,0.14932735816095366,0.12166972593133323
0.36000000000000004,67531,85.43469460047568,109671628.76681106,908374325.0,0.15193973628257618,0.12073395928139102
0.37000000000000005,68386,86.51637062901675,110452109.91571163,922478300.0,0.15460136450369222,0.11973410097095143
0.38000000000000006,69153,87.48671625929862,110968275.49158701,935451675.0,0.1570436122707015,0.11862534266303709
0.39000000000000007,69891,88.42037346288143,111491983.65025072,947876325.0,0.1594497003584945,0.11762292264262504
0.4000000000000001,70605,89.32366783057537,111958334.67693198,960123475.0,0.16183096765731442,0.11660826715744241
0.4100000000000001,71259,90.15105510854714,112272874.00587484,971372075.0,0.1640619976239488,0.1155817393719856
0.42000000000000004,71914,90.97970750468095,112598139.55480222,982769125.0,0.16634777818666546,0.11457232089459692
0.43000000000000005,72545,91.77799706492587,112872885.89835702,994228150.0,0.16859628141200855,0.1135281533703879
0.44000000000000006,73156,92.55098426193007,113037930.37133783,1005518600.0,0.17082124689662315,0.11241754291898512
0.45000000000000007,73750,93.30246445017964,113069483.66061676,1016042900.0,0.17302779017993417,0.11128416296262368
0.4600000000000001,74276,93.96791660341076,113076393.0469488,1025705475.0,0.17502454651465651,0.11024255578527434
0.4700000000000001,74773,94.59668032994281,112949223.27773,1034792775.0,0.17695230396505088,0.10915153836257699
0.4800000000000001,75256,95.20773240220637,112765594.16338876,1043696725.0,0.17886433521820921,0.1080444074052151
0.49000000000000005,75728,95.80486817468751,112547005.438481,1052530500.0,0.1807700919249584,0.10692992311242383
0.5000000000000001,76166,96.35898992965943,112253533.98178129,1060511300.0,0.18257713909424841,0.10584850343582505
0.5100000000000001,76587,96.89160467587674,111921706.26920938,1068417000.0,0.18434955927937968,0.10475470370577161
0.5200000000000001,76975,97.38247052274683,111539048.7382431,1075615350.0,0.18601572118167622,0.10369789603527237
0.5300000000000001,77304,97.79869439805677,111143218.13354693,1081667900.0,0.1874591052386604,0.10275170237884192
0.5400000000000001,77580,98.14786701077881,110787730.62862581,1086612200.0,0.18869424036652852,0.10195700971204429
0.5500000000000002,77852,98.4919791508527,110352260.89333984,1091533925.0,0.18993933802781698,0.10109833360730391
0.5600000000000002,78112,98.82090987298213,109907701.92651206,1096243075.0,0.19115469642405392,0.10025851422278044
0.5700000000000002,78323,99.0878498051718,109496890.26082624,1100130675.0,0.19216119217603686,0.0995308037027749
0.5800000000000002,78488,99.2965943019078,109133350.04892626,1103190800.0,0.1929652741252209,0.09892518143636284
0.5900000000000002,78654,99.50660391680583,108744009.81284267,1106144125.0,0.19379215113303805,0.09830907867710519
0.6000000000000002,78778,99.66347856889833,108436417.59613866,1108346825.0,0.19442263152314201,0.09783617830649595
0.6100000000000001,78890,99.8051718030464,108142893.33203462,1110280500.0,0.19500479290399617,0.09740141642768167
0.6200000000000001,78958,99.89119983806486,107940072.96160921,1111526350.0,0.19536627472486645,0.09710977428615095
0.6300000000000001,78995,99.93800921006022,107825462.15122837,1112183975.0,0.19556729506473408,0.09694930386964834
0.6400000000000001,79025,99.97596275492131,107728896.88452162,1112708275.0,0.19573434264823947,0.09681683807422176
0.6500000000000001,79037,99.99114417286575,107683659.70449468,1112940050.0,0.1958024261477838,0.09675602895636175
0.6600000000000001,79038,99.99240929102778,107681811.56404376,1112950775.0,0.19580818306701264,0.09675343598556169
0.6700000000000002,79040,99.99493952735186,107674610.2126043,1112984625.0,0.1958199607118233,0.0967440230475819
0.6800000000000002,79044,100.0,107642065.2287871,1113122125.0,0.19584413959615798,0.09670283503599131
0.6900000000000002,79044,100.0,107642065.2287871,1113122125.0,0.19584413959615798,0.09670283503599131
0.7000000000000002,79044,100.0,107642065.2287871,1113122125.0,0.19584413959615798,0.09670283503599131
0.7100000000000002,79044,100.0,107642065.2287871,1113122125.0,0.19584413959615798,0.09670283503599131
0.7200000000000002,79044,100.0,107642065.2287871,1113122125.0,0.19584413959615798,0.09670283503599131
0.7300000000000002,79044,100.0,107642065.2287871,1113122125.0,0.19584413959615798,0.09670283503599131
0.7400000000000002,79044,100.0,107642065.2287871,1113122125.0,0.19584413959615798,0.09670283503599131
0.7500000000000002,79044,100.0,107642065.2287871,1113122125.0,0.19584413959615798,0.09670283503599131
0.7600000000000002,79044,100.0,107642065.2287871,1113122125.0,0.19584413959615798,0.09670283503599131
0.7700000000000002,79044,100.0,107642065.2287871,1113122125.0,0.19584413959615798,0.09670283503599131
0.7800000000000001,79044,100.0,107642065.2287871,1113122125.0,0.19584413959615798,0.09670283503599131
0.7900000000000001,79044,100.0,107642065.2287871,1113122125.0,0.19584413959615798,0.09670283503599131
0.8000000000000002,79044,100.0,107642065.2287871,1113122125.0,0.19584413959615798,0.09670283503599131
0.8100000000000002,79044,100.0,107642065.2287871,1113122125.0,0.19584413959615798,0.09670283503599131
0.8200000000000002,79044,100.0,107642065.2287871,1113122125.0,0.19584413959615798,0.09670283503599131
0.8300000000000002,79044,100.0,107642065.2287871,1113122125.0,0.19584413959615798,0.09670283503599131
0.8400000000000002,79044,100.0,107642065.2287871,1113122125.0,0.19584413959615798,0.09670283503599131
0.8500000000000002,79044,100.0,107642065.2287871,1113122125.0,0.19584413959615798,0.09670283503599131
0.8600000000000002,79044,100.0,107642065.2287871,1113122125.0,0.19584413959615798,0.09670283503599131
0.8700000000000002,79044,100.0,107642065.2287871,1113122125.0,0.19584413959615798,0.09670283503599131
0.8800000000000002,79044,100.0,107642065.2287871,1113122125.0,0.19584413959615798,0.09670283503599131
0.8900000000000002,79044,100.0,107642065.2287871,1113122125.0,0.19584413959615798,0.09670283503599131
0.9000000000000002,79044,100.0,107642065.2287871,1113122125.0,0.19584413959615798,0.09670283503599131
0.9100000000000003,79044,100.0,107642065.2287871,1113122125.0,0.19584413959615798,0.09670283503599131
0.9200000000000003,79044,100.0,107642065.2287871,1113122125.0,0.19584413959615798,0.09670283503599131
0.9300000000000002,79044,100.0,107642065.2287871,1113122125.0,0.19584413959615798,0.09670283503599131
0.9400000000000002,79044,100.0,107642065.2287871,1113122125.0,0.19584413959615798,0.09670283503599131
